2026 공간풀숲 전시 정성자료,,,,,,,,,,,,,,,,,,,
,전시명,유형,내용,출처,기간,,,,,,,,,,,,,,
68,흐르지 않는 강: 김원의 4대강 기록,작가 후기,2008년 시작한 4대강 작업을 18년이 지난 오늘에서야 공개한다는 것이 감회가 새로웠습니다. 더불어 이제서야 제 이름으로 공개했다는 것도 개인적으로는 의미가 큽니다. 이번 전시가 아니었으면 공개되지 못했을 사진과 제 이름이었습니다.,작가,26.04.11 - 26.04.25,,"관람객 후기
방명록
SNS 댓글
설문

작가 후기
인터뷰
전시 서문
작가노트

언론 평가
기사
칼럼
리뷰

담당자 기록
운영일지
펠로우 보고서
회의록

",,,,,,,,,,,,
69,흐르지 않는 강: 김원의 4대강 기록,작가 후기,"사회적 측면에서 이번 전시의 목적은 잊어버린 기억의 복원과 더불어 4대강 사업의 진실을 다시 한 번 확인하는 것이었습니다. 처음부터 끝까지 거짓말로 이루어진 4대강 사업이 아직도 그대로라는 사실을 드러내고, 4대강의 미래에 대한 꿈을 공감하고 싶었습니다.",작가,26.04.11 - 26.04.25,,,,,,,,,,,,,,
70,흐르지 않는 강: 김원의 4대강 기록,작가 후기,"다큐멘터리 사진 작업을 하면서 늘 생각하는 것이 사실과 감성입니다. 사실적인 사진은 현상을 보여줄 수 있지만 건조할 수 있고, 감성적인 사진은 쉽게 다가갈 수는 있지만 사실감을 전달하기 어렵습니다. 저는 다큐멘터리 사진도 충분히 감정선을 가질 수 있다고 생각합니다. 제 사진을 보면서 많은 분들이 4대강 사진이 너무 아름답다고 했습니다. 전투적이지 않다고 했습니다. 제가 의도하고 있는 점을 관객들이 인식하고 있다는 것에 안도했습니다. 그러나 사진 배경에 잠재된 사실을 제대로 드러내지 못하는 한계도 있다고 생각합니다. 말로 설명하지 않아도 쉽게 팩트가 전달되는 사진도 필요합니다. 앞으로도 이런 한계를 넘어서기 위해 더 노력할 생각입니다. 사실과 감성이 조화와 균형을 이룰 수 있는 사진이 제가 바라는 사진이기 때문입니다.",작가,26.04.11 - 26.04.25,,,,,,,,,,,,,,
71,흐르지 않는 강: 김원의 4대강 기록,작가 후기,많은 분들이 와 주신 것에 감동했습니다. 특히나 동자동 쪽방촌에 계신 분들이 단체로 오셔서 축하해 주신 것이 고마웠습니다. 제가 알고 지내는 시각 장애인 분들이 사진에 닿을 정도로 얼굴을 대고 뭔가 보려는 모습에 감동했습니다. 오프닝 뒷풀이 때 식당에서 떼창 하다가 쫓겨날 뻔한 것도 기억에 남습니다. 공간풀숲 감독님의 창조적인 기획력과 코이네이터 분들의 살뜰한 준비와 꼼꼼함에 놀랐습니다. 모두 감사한 일입니다.,작가,26.04.11 - 26.04.25,,,,,,,,,,,,,,
76,마음의 기후,언론 평가,"돌봄의 시간은 결코 낭만적이지 않다. 그것은 반복되는 일상이며, 때로는 무력감과 피로로 가득한 과정이다. 그러나 작가는 그 시간 속에서 인간의 유한함을 배웠고, 존재의 근원을 마주했다. 매일 반복되는 돌봄의 행위 속에서 삶이 얼마나 연약한지, 동시에 얼마나 깊고 단단한지를 체감했을 것이다. 그 깨달음은 신작 ‘인간풍경’ 연작으로 이어져 이번 전시의 중심을 이룬다.","시민언론 민들레 
최연하 기자",26.02.19,,,문항을 작성 2-3개 정도 ,,,,,,,,,,,
77,마음의 기후,언론 평가,"우리는 늘 몸을 가지고 살아가지만, 정작 몸의 움직임과 존재를 깊이 들여다볼 기회는 많지 않다. 김영미의 드로잉은 그 경이로움을 되살려준다.","시민언론 민들레 
최연하 기자",26.02.19,,,"전시 성과 전시 후기 전시를 통해서 본인의 작업과 본인이 추구하는 예술관, 성과지점들, ",,,,,,,,,,,
78,마음의 기후,언론 평가,김영미의 화폭을 마주하고 있노라면 바람에 흩날리는 잊혀진 이름들의 합창이 들리는 듯하다. 인간 존재가 밀물처럼 밀려오는 그의 그림은 무수한 얼굴들의 별자리로 이뤄진 '기억의 천체'이자 '아름다운 유니버스'다.,"뉴스핌
이영란 기자",26.02.03,,,환경단체 관련자,,,,,,,,,,,
79,마음의 기후,언론 평가,"이 군상들은 단지 사람이 아니라, 살아내지 못한 말, 견디다 지워진 감정, 그리고 유전되지 않은 삶의 잔여물이기도 하다. 작가가 물감과 붓을 통해 남긴 흔적. 그것은 그가 살아 있다는, 그리고 삶에 대한 깊은 성찰을 통해 사랑하고 질문해가는 증거다.","뉴스핌
이영란 기자",26.02.03,,,전시를 특별히 잘 말해줄 수 있는 사람들이 있음,,,,,,,,,,,
80,마음의 기후,언론 평가,"김영미 작가는 매일 아침 작업실 근처 평화의공원을 홀로 산책하고, 제철 푸성귀와 싱싱한 해산물로 밥상을 차려 이웃과 함께 나눈다. 일상에서 자기의 몸을 돌보고, 나눔을 실천하는 삶이다. 마음의 기후를 살피고, 지구의 온도를 상상하며 동시에 이를 화폭에 옮기는 행위를 이어가는 것이다. '타자 돌봄'을 통해 자기를 돌보고, 나아가 사회 전체의 공적이고 정치적 책임으로 연결해 돌봄의 윤리와 가치를 새롭게 환기한다.","뉴스핌
이영란 기자",26.02.03,,,작가 본인 ,,,,,,,,,,,
81,"사라지기 전에: 현진오, 멸종위기식물 40년 기록",언론 평가,"공간풀숲은 이 전시를 위해 현진오 박사의 저술을 읽고, 식물의 다양한 얼굴을 작품으로 마주하는 가운데 한 식물학자의 연구 인생을 가까이에서 살펴볼 수 있도록 전시를 구성하였다.","시민언론 민들레 
최연하 기자",26.03.24,,,정량평가,,,,,,,,,,,
82,"사라지기 전에: 현진오, 멸종위기식물 40년 기록",언론 평가,"멸종위기식물을 보존하는 문제는, 단순히 자연환경을 개선하고 생물을 지키는 것뿐만 아니라, 지구 생태계에 미치는 영향까지 구체적으로 살펴야 하는 일로 연결된다. 인간과 다른 생명체가 공생하려면 먼저 알아야 하고, 이해하는 마음이 커져야 한다. 식물 종(種)에 대해 알고 관심을 가져야 생물다양성을 지키기 위한 실천에도 적극적으로 나설 수 있다.","시민언론 민들레 
최연하 기자",26.03.24,,,참여 작가 피드백,,,,,,,,,,,
83,"사라지기 전에: 현진오, 멸종위기식물 40년 기록",언론 평가,"이번 전시는 아름다운 식물을 감상하는 데서 멈추지 않는다. ‘사라지는 생명’을 단순히 슬퍼하는 전시가 아니라, 사라짐을 외면하지 않기 위해 우리가 무엇을 기억해야 하는지 묻는 자리이다. 기록은 멸종을 단숨에 막을 수는 없지만, 멸종을 당연하게 여기지 않도록 만들고, 결국 보호와 변화의 출발점이 되기 때문이다. 현진오 박사의 40년 기록은 개인의 집요한 관찰을 넘어, 한국 식물 보전의 역사이자 미래를 위한 증거이다. 관람자는 이 전시를 통해 우리가 지키고자 하는 자연이 무엇인지, 그리고 사라지기 전에 해야 할 일이 무엇인지 다시 생각하게 될 것이다. ","시민언론 민들레 
최연하 기자",26.03.24,,,,,,,,,,,,,,
84,"사라지기 전에: 현진오, 멸종위기식물 40년 기록",언론 평가,"이 전시는 멸종위기 식물을 40여 년간 기록해 온 현진오 박사의 사진, 영상, 저술을 통해 한국 식물 보전의 현재와 미래를 조명하기 위해 기획되었으며, 전시가 열린 23일간 1,000여 명의 관람객이 다녀가는 등 큰 주목을 받았다.","시사타임즈
우경헌 기자",26.04.08,,,,,,,,,,,,,,
85,"사라지기 전에: 현진오, 멸종위기식물 40년 기록",언론 평가,"천천히 걸으면서 식물의 얼굴과 글을 보다 보면 사라지는 생명들을 오래 바라본 한 사람의 시간, 너무 늦기 전에 우리가 알아야 할 존재에 관한 이야기가 전해진다. ","뉴스펭귄
곽은영 기자 ",26.03.24,,,,,,,,,,,,,,
86,"사라지기 전에: 현진오, 멸종위기식물 40년 기록",언론 평가,이번 전시는 사라진 것들에 대한 장례식에 가깝기도 하다. 오랜 시간 애정을 안고 들여다본 세계가 누군가의 무심한 손길 하나로 사라질 수 있다는 것을 보여준다. 도로공사를 하다 발견된 ‘털복주머니난’도 기사화되고 난 후 누군가가 트럭을 몰고 와서 수백 뿌리를 모두 캐갔다. 인간의 탐욕은 늘 상상 이상이었다. ,"뉴스펭귄
곽은영 기자 ",26.03.24,,,,,,,,,,,,,,
87,"사라지기 전에: 현진오, 멸종위기식물 40년 기록",언론 평가,이 전시는 생태계의 뿌리이자 기반인 식물의 멸종위기 현실을 이해할 수 있는 기회다.,"동아일보 
김선미 기자",26.03.16,,,,,,,,,,,,,,
88,흐르지 않는 강: 김원의 4대강 기록,언론 평가,"이 전시는 정책 평가나 정치적 논쟁을 넘어, 4대강 사업이 남긴 환경적 흔적과 사회적 기억을 환기한다.",소셜임팩트뉴스,26.04.09,,,,,,,,,,,,,,
89,흐르지 않는 강: 김원의 4대강 기록,언론 평가,"태고의 아름다움을 간직한 강변 풍경부터 공사로 인해 강이 심각하게 훼손되는 과정, 공사를 저지하는 시민사회단체 활동가들의 모습, 금빛 모래가 특별히 아름다웠던 내성천 인근 마을이 4대강 사업의 여파로 텅 비어가는 모습 등을 낱낱이 보여준다.","시민언론 민들레 
최연하 기자",26.04.15,,,,,,,,,,,,,,
1,마음의 기후,관람객 후기,"천개의 숨 파아란 꿈꾸는 세상, 가까이 해야 보이는 많은 존재들 감상 잘 하고 갑니다.",방명록,26.02.04 - 26.02.28,,,,,,,,,,,,,,
2,마음의 기후,관람객 후기,마음 담아 있는 작품 보고 갑니다. ,방명록,26.02.04 - 26.02.28,,,,,,,,,,,,,,
3,마음의 기후,관람객 후기,선생님 멋진 작품이세요,방명록,26.02.04 - 26.02.28,,,,,,,,,,,,,,
4,"사라지기 전에: 현진오, 멸종위기식물 40년 기록",관람객 후기,귀한작품 혼이 담긴 사진들 감사합니다. ,방명록,26.03.04 - 26.04.04,,,,,,,,,,,,,,
5,"사라지기 전에: 현진오, 멸종위기식물 40년 기록",관람객 후기,현박사님 사라지기 전에 지켜야하는 우리 모두의 사명이라고 생각합니다. 수고한 박사님의 열정에 감사하며.,방명록,26.03.04 - 26.04.04,,,,,,,,,,,,,,
6,"사라지기 전에: 현진오, 멸종위기식물 40년 기록",관람객 후기,끊임없는 당신의 노력과 열정 늘 존경합니다. 늘 감사합니다. ,방명록,26.03.04 - 26.04.04,,,,,,,,,,,,,,
7,"사라지기 전에: 현진오, 멸종위기식물 40년 기록",관람객 후기,한 생명이라도 더 살리고 한 종이라도 더 보존하는 인간의 책임에 대해 생각합니다.,방명록,26.03.04 - 26.04.04,,,,,,,,,,,,,,
8,"사라지기 전에: 현진오, 멸종위기식물 40년 기록",관람객 후기,사라져가는 우리 들풀과 나무를 보듬어온 아름다운 당신의 삶이 느껴집니다. 귀한 사진 잘 봤습니다. ,방명록,26.03.04 - 26.04.04,,,,,,,,,,,,,,
9,"사라지기 전에: 현진오, 멸종위기식물 40년 기록",관람객 후기,멸종위기 야생화 기록에 감사하며 조경과 사진을 하는 사람으로 존경합니다. ,방명록,26.03.04 - 26.04.04,,,,,,,,,,,,,,
10,"사라지기 전에: 현진오, 멸종위기식물 40년 기록",관람객 후기,"이름모를 풀들, 사라져 가는 작은 생명들에 대한 집념과 노력이 활짝 피어나 큰 결실을 맺으시길 기원합니다.",방명록,26.03.04 - 26.04.04,,,,,,,,,,,,,,
11,"사라지기 전에: 현진오, 멸종위기식물 40년 기록",관람객 후기,소중한 것들을 발견하고 기록한 묵묵한 작업에 경의를 표합니다.,방명록,26.03.04 - 26.04.04,,,,,,,,,,,,,,
12,"사라지기 전에: 현진오, 멸종위기식물 40년 기록",관람객 후기,현진오 소장님 노고가 많으셨습니다. 큰 발자취를 남기셨습니다. 축하드립니다.,방명록,26.03.04 - 26.04.04,,,,,,,,,,,,,,
13,"사라지기 전에: 현진오, 멸종위기식물 40년 기록",관람객 후기,이 작고 아름다운 것들이 사라져가고 잇다는 걸 느낄 때마다,방명록,26.03.04 - 26.04.04,,,,,,,,,,,,,,
14,"사라지기 전에: 현진오, 멸종위기식물 40년 기록",관람객 후기,풀숲에 보물이 가득하네요. 생생한 꽃들을 마음에 담아갑니다. 현진오 선생님 감사합닌다.,방명록,26.03.04 - 26.04.04,,,,,,,,,,,,,,
15,"사라지기 전에: 현진오, 멸종위기식물 40년 기록",관람객 후기,평생을 바쳐 기록하며 멸종위기 식물들의 숨결이 이곳에 오롯이... 현소장님의 열정에 깊은 존경과 감사를 표합니다.,방명록,26.03.04 - 26.04.04,,,,,,,,,,,,,,
16,"사라지기 전에: 현진오, 멸종위기식물 40년 기록",관람객 후기,밴드 숲해설가들이 전하는 풀꽃이야기에 더스틴님이 올려주신 전시회 내용을 보고 대전에서 7시 25분 버스로 왔습니다.(단숨에) 감동입니다. 소중한 시간과 공간숲사랑. 깊은 감사드리며 울컥합니다. 아름다운 자연을 담아주시고 사랑하시고 인연을 이어서 쭉- 오늘 서울 소풍. 덕분에 행복이죠. ,방명록,26.03.04 - 26.04.04,,,,,,,,,,,,,,
17,"사라지기 전에: 현진오, 멸종위기식물 40년 기록",관람객 후기,현박사님의 멋진 인생을 다시 한번 보고 갑니다. 축하드립니다. ,방명록,26.03.04 - 26.04.04,,,,,,,,,,,,,,
18,"사라지기 전에: 현진오, 멸종위기식물 40년 기록",관람객 후기,사라지는 꽃과 자연을 지키기위해 노력을 경주하고 있는 친구에게 경의를 표합니다.,방명록,26.03.04 - 26.04.04,,,,,,,,,,,,,,
19,"사라지기 전에: 현진오, 멸종위기식물 40년 기록",관람객 후기,자연의 순간을 사진으로 담아주셔서 감사하고 전시회 축하합니다. ,방명록,26.03.04 - 26.04.04,,,,,,,,,,,,,,
20,"사라지기 전에: 현진오, 멸종위기식물 40년 기록",관람객 후기,"현진오 박사님, 그 식물을 그 식물답게 담아낸 훌륭한 사진들 잘 보고 갑니다. 현박사님만이 가질 수 있는 시선이라고 생각됩니다. 외국출장으로 마지막날 겨우 발걸음했지만, 오기를 잘했습니다. 축하드리며, 그간의 노고에 감사드립니다.",방명록,26.03.04 - 26.04.04,,,,,,,,,,,,,,
21,"사라지기 전에: 현진오, 멸종위기식물 40년 기록",관람객 후기,아름다운 명산 속에 숨어 숨쉬는 우리 꽃을 찾는 당신께 감사드립니다. ,방명록,26.03.04 - 26.04.04,,,,,,,,,,,,,,
22,흐르지 않는 강: 김원의 4대강 기록,관람객 후기,흘러야 강이다.,방명록,26.04.11 - 26.04.25,,,,,,,,,,,,,,
23,흐르지 않는 강: 김원의 4대강 기록,관람객 후기,"생명의 강, 시민의 강!",방명록,26.04.11 - 26.04.25,,,,,,,,,,,,,,
24,흐르지 않는 강: 김원의 4대강 기록,관람객 후기,이제 보여줄 시간이네요.,방명록,26.04.11 - 26.04.25,,,,,,,,,,,,,,
25,흐르지 않는 강: 김원의 4대강 기록,관람객 후기,"이제, 우리가 흐르게 하겠습니다. 고맙습니다. ",방명록,26.04.11 - 26.04.25,,,,,,,,,,,,,,
26,흐르지 않는 강: 김원의 4대강 기록,관람객 후기,이제 우리가 흐르지 않는 강을 흐르게 만들겠습니다.,방명록,26.04.11 - 26.04.25,,,,,,,,,,,,,,
27,흐르지 않는 강: 김원의 4대강 기록,관람객 후기,한강 4대강을 살리자,방명록,26.04.11 - 26.04.25,,,,,,,,,,,,,,
28,흐르지 않는 강: 김원의 4대강 기록,관람객 후기,전시 축하드립니다. 한강 4대강에 대한 역사적 증언에 깊이 공감합니다. ,방명록,26.04.11 - 26.04.25,,,,,,,,,,,,,,
29,흐르지 않는 강: 김원의 4대강 기록,관람객 후기,우리의 4대강이 꼭 살아 나길 기원합니다. 전시 축하드립니다. ,방명록,26.04.11 - 26.04.25,,,,,,,,,,,,,,
30,흐르지 않는 강: 김원의 4대강 기록,관람객 후기,힘내라! 맑은 강!,방명록,26.04.11 - 26.04.25,,,,,,,,,,,,,,
31,흐르지 않는 강: 김원의 4대강 기록,관람객 후기,"""흐르지 않는 강"" 인간 중심의 개발... 자연과 공존해야 할 우리의 삶을 다시 생각해 봅니다. 뜻깊은 전시 감사드립니다. ",방명록,26.04.11 - 26.04.25,,,,,,,,,,,,,,
32,흐르지 않는 강: 김원의 4대강 기록,관람객 후기,강은 흘러야 강이다!!,방명록,26.04.11 - 26.04.25,,,,,,,,,,,,,,
33,흐르지 않는 강: 김원의 4대강 기록,관람객 후기,흐르지 않는 강을 흐르게 하라,방명록,26.04.11 - 26.04.25,,,,,,,,,,,,,,
34,흐르지 않는 강: 김원의 4대강 기록,관람객 후기,강의 기록 험난하고 열정적인 잘 보고 갑니다!!,방명록,26.04.11 - 26.04.25,,,,,,,,,,,,,,
35,흐르지 않는 강: 김원의 4대강 기록,관람객 후기,흑흑 슬프지만 다시 강이 흐를 날이 오겠지요...!,방명록,26.04.11 - 26.04.25,,,,,,,,,,,,,,
36,흐르지 않는 강: 김원의 4대강 기록,관람객 후기,김 작가님 다시보니 반가운 것처럼 4대강도 그대로 옛날처럼 다시 봤으면!,방명록,26.04.11 - 26.04.25,,,,,,,,,,,,,,
37,흐르지 않는 강: 김원의 4대강 기록,관람객 후기,강이 흐르는 그 날까지,방명록,26.04.11 - 26.04.25,,,,,,,,,,,,,,
38,흐르지 않는 강: 김원의 4대강 기록,관람객 후기,"사진을 보면서 김원 박사님의 마음. 그리고 그 마음에 따라 행동한 세월이 저 또한 움직였어요. 사진으로 제게 걸어 주신 말 오래 기억하고, 다른 사람에게 전하겠습니다. ",방명록,26.04.11 - 26.04.25,,,,,,,,,,,,,,
39,흐르지 않는 강: 김원의 4대강 기록,관람객 후기,흐르지 않는 강 다시는 두 번 다시 이런 잘못이 없기를 기원합니다. ,방명록,26.04.11 - 26.04.25,,,,,,,,,,,,,,
40,흐르지 않는 강: 김원의 4대강 기록,관람객 후기,김원 작가님! 작가님의 용기 존경합니다.,방명록,26.04.11 - 26.04.25,,,,,,,,,,,,,,
41,흐르지 않는 강: 김원의 4대강 기록,관람객 후기,전시 축하드립니다. 금빛 모래가 그리워지는 그 시점이 생각납니다.,방명록,26.04.11 - 26.04.25,,,,,,,,,,,,,,
42,흐르지 않는 강: 김원의 4대강 기록,관람객 후기,"김원 작가님, 전시 축하드립니다! 보고 싶었던 사진전이었습니다. 지록 사진 남겨주셔서 감사합니다.",방명록,26.04.11 - 26.04.25,,,,,,,,,,,,,,
43,흐르지 않는 강: 김원의 4대강 기록,관람객 후기,한결같음'과 '다움'에 존경을 표합니다.,방명록,26.04.11 - 26.04.25,,,,,,,,,,,,,,
44,흐르지 않는 강: 김원의 4대강 기록,관람객 후기,제가 아는 가장 멋진 예술인 - 김원 박사님의 사진전을 축하드립니다. 앞으로 더 멋진 사진을 찍으시길 바라요,방명록,26.04.11 - 26.04.25,,,,,,,,,,,,,,
45,흐르지 않는 강: 김원의 4대강 기록,관람객 후기,기록 남겨주셔서 감사합니다. 귀한 사진 잘 보고 갑니다. 강이 빨리 원래 모습으로 돌아오길 바랄 뿐입니다.,방명록,26.04.11 - 26.04.25,,,,,,,,,,,,,,
46,흐르지 않는 강: 김원의 4대강 기록,관람객 후기,보이지 않았던 역사를 보고 갑니다. 감사합니다.,방명록,26.04.11 - 26.04.25,,,,,,,,,,,,,,
47,흐르지 않는 강: 김원의 4대강 기록,관람객 후기,생명의 줄이 돈줄로 전락한 생생한 기록이네요.,방명록,26.04.11 - 26.04.25,,,,,,,,,,,,,,
48,흐르지 않는 강: 김원의 4대강 기록,관람객 후기,흐르지 않는 강'을 보여주셔서 감사합니다. ,방명록,26.04.11 - 26.04.25,,,,,,,,,,,,,,
49,흐르지 않는 강: 김원의 4대강 기록,관람객 후기,흐르지 않는 강! 가슴이 아픕니다. 강이 다시 흐르는 그날이 속히 오길 기원합니다.,방명록,26.04.11 - 26.04.25,,,,,,,,,,,,,,
50,흐르지 않는 강: 김원의 4대강 기록,관람객 후기,"흐르지 않는 강이 다시 흐르길 간절히 바라는 마음으로 뜻깊은 기록, 감사합니다.",방명록,26.04.11 - 26.04.25,,,,,,,,,,,,,,
51,흐르지 않는 강: 김원의 4대강 기록,관람객 후기,강이 다시 흐르는 그날까지 멈추지 않는 노력 감사합니다.,방명록,26.04.11 - 26.04.25,,,,,,,,,,,,,,
52,흐르지 않는 강: 김원의 4대강 기록,관람객 후기,흐르지 않는 강은 죽음이다. 고맙습니다.,방명록,26.04.11 - 26.04.25,,,,,,,,,,,,,,
53,흐르지 않는 강: 김원의 4대강 기록,관람객 후기,감독적입니다. 귀한 기록해주셔서 감사합니다.,방명록,26.04.11 - 26.04.25,,,,,,,,,,,,,,
54,"평화여, 멀구나",관람객 후기,수라갯벌의 감동. 슬픔이 다 담긴 전시 잘 보고 가요.,방명록,26.05.26 - 26.06.07,,,,,,,,,,,,,,
55,"평화여, 멀구나",관람객 후기,마음을 울리는 전시 잘 보았습니다.,방명록,26.05.26 - 26.06.07,,,,,,,,,,,,,,
56,"평화여, 멀구나",관람객 후기,신부님 축하드립니다. 이 좋은 작품 이리 많이 하셨네요. 건강하시고 행복하세요 기도합니다!,방명록,26.05.26 - 26.06.07,,,,,,,,,,,,,,
57,"평화여, 멀구나",관람객 후기,저도 함께 생명의 길을 걷겠습니다. 기도와 응원 드립니다.,방명록,26.05.26 - 26.06.07,,,,,,,,,,,,,,
58,"평화여, 멀구나",관람객 후기,아름다운 활동 마음다해 응원합니다. ,방명록,26.05.26 - 26.06.07,,,,,,,,,,,,,,
59,"평화여, 멀구나",관람객 후기,기나긴 여정속에 신부님의 잘자취를 보며 새삼 과거를 현재를 미래를 생각합니다.,방명록,26.05.26 - 26.06.07,,,,,,,,,,,,,,
60,"평화여, 멀구나",관람객 후기,평화여 멀구나. 여기서는 보이지도 않는구나. 그럼에도 멈출 수 없고. 이 문장이 내내 남네요. 강정에서 군산 이 전시까지 보고 갑니다.,방명록,26.05.26 - 26.06.07,,,,,,,,,,,,,,
61,"평화여, 멀구나",관람객 후기,웃으면서 끝까지 함께 투쟁,방명록,26.05.26 - 26.06.07,,,,,,,,,,,,,,
62,"평화여, 멀구나",관람객 후기,둥지에서 더 많은 둥지들이 함께 하길,방명록,26.05.26 - 26.06.07,,,,,,,,,,,,,,
63,"평화여, 멀구나",관람객 후기,옥봉생태평화센터 건립에 함께 할게요.,방명록,26.05.26 - 26.06.07,,,,,,,,,,,,,,
64,"평화여, 멀구나",관람객 후기,하제팽나무님. 600년의 평화!,방명록,26.05.26 - 26.06.07,,,,,,,,,,,,,,
65,"평화여, 멀구나",관람객 후기,"""함께 할게요""",방명록,26.05.26 - 26.06.07,,,,,,,,,,,,,,
66,오랜 정원에서,관람객 후기,오랜 정원에서 아름다운 식물 초상을 잘 보고 갑니다. 축하드립니다.,방명록,26.06.11 - 26.06.27,,,,,,,,,,,,,,
67,오랜 정원에서,관람객 후기,전시를 축하합니다.,방명록,26.06.11 - 26.06.27,,,,,,,,,,,,,,
72,오랜 정원에서,관람객 후기,"멋진 전시 잘 보고 가용,,, ",방명록,26.06.11 - 26.06.27,,,,,,,,,,,,,,
73,오랜 정원에서,관람객 후기,사진 정말 너무 멋지고 최고예요,방명록,26.06.11 - 26.06.27,,,,,,,,,,,,,,
74,오랜 정원에서,관람객 후기,그림 같은 사진이라는 걸 눈으로 본 날입니다. 고맙습니다!,방명록,26.06.11 - 26.06.27,,,,,,,,,,,,,,
75,오랜 정원에서,관람객 후기,제가 보는 사진은 항상 새롭습니다. 잘 감상했습니다.,방명록,26.06.11 - 26.06.27,,,,,,,,,,,,,,
90,오랜 정원에서,관람객 후기,식물을 식물이 갖고 있는 비밀스러움을 신비롭게 발표하신 작품. 같은 사진 작업하는 사람으로 감사합니다.,방명록,26.06.11 - 26.06.27,,,,,,,,,,,,,,
91,오랜 정원에서,관람객 후기,작품을 감상하며 식물이 가진 기억과 이야기들을 재미있게 나누고 갑니다. 좋은 작품 감사합니다. ,방명록,26.06.11 - 26.06.27,,,,,,,,,,,,,,
92,"평화여, 멀구나",작가 후기,집 짓는 데 도움이 되고자 전시를 하는 건데 그런 목적이 전혀 없었는데 그동안에 해놓은 것들이 그게 쌓여 있으니까 어떻게 이렇게 많이 있는지도 몰랐고 그 우리 식구들이 아이고 집을 짓는데 좀 도움이 되기 위해서 전시를 하면 어떠냐 그래서 못 이긴 척하고 이렇게 이야기됐는데 꽤 많죠.하루 한 500쯤 되는 것 같아 작은 것들도 있고 그래서 참 도움이 됐으면 좋겠어.,김원 작가 인터뷰,26.05.26 - 26.06.07,,,,,,,,,,,,,,
93,"평화여, 멀구나",작가 후기,장소가 너무 좋아서 좋아.,김원 작가 인터뷰,26.05.26 - 26.06.07,,,,,,,,,,,,,,
94,"평화여, 멀구나",관람객 후기,"역시 풀숲!! 대추리, 새만금에서 함께했던 시간들을 눈으로 봤어야했는데 놓쳐서 너무 아쉽네요 ㅠㅠ
앞으로도 멋진 전시 부탁드립니다!",sns 댓글,26.05.26 - 26.06.07,https://www.instagram.com/p/DZJKt0plDY5/?utm_source=ig_web_copy_link&igsh=MzRlODBiNWFlZA==,,,,,,,,,,,,,
95,"사라지기 전에: 현진오, 멸종위기식물 40년 기록",관람객 후기,저도갔다왔는데 너무 좋았습니다!,sns 댓글,26.03.04 - 26.04.04,https://www.instagram.com/p/DWnjPK4FXYy/?utm_source=ig_web_copy_link&igsh=MzRlODBiNWFlZA==,,,,,,,,,,,,,
96,"사라지기 전에: 현진오, 멸종위기식물 40년 기록",담당자 기록,박사님 책 중 <설악산 생태여행>은 등산코스와 가면서 볼 수 있는 다양한 들꽃들이 나와 있다. 이런 가이드와 함께라면 더 풍요롭고 든든한 여행이 될 것 같다.,펠로우 인터뷰,26.03.04 - 26.04.04,https://www.instagram.com/p/DWnjPK4FXYy/?img_index=1,,,,,,,,,,,,,
97,"평화여, 멀구나",관람객 후기,우와~ 평화바람이 전시도 하는군요! 대환영!!👏👏👏,sns 댓글,26.05.26 - 26.06.07,https://www.instagram.com/p/DU-KP4ujYpU/?utm_source=ig_web_copy_link&igsh=MzRlODBiNWFlZA==,,,,,,,,,,,,,
98,시소리동굴,작가 후기,"《시소리동굴》은 생태와 환경을 주제로 한 참여형 작업의 가능성을 확인하고, 공간 운영진 및 관람객과의 협업을 통해 전시가 함께 만들어지는 과정의 가치를 깊이 체감한 전시였습니다.","백지현 작가
인터뷰",26.05.12 - 26.05.22,,,,,,,,,,,,,,
99,시소리동굴,작가 후기,"《시소리동굴》은 생태와 환경을 주제로 한 참여형 작업의 가능성을 확인하고, 공간 운영진 및 관람객과의 협업을 통해 전시가 함께 만들어지는 과정의 가치를 깊이 체감한 전시였습니다.","주형지 작가
인터뷰",26.05.12 - 26.05.22,,,,,,,,,,,,,,
100,"사라지기 전에: 현진오, 멸종위기식물 40년 기록",작가 후기,"멸종위기식물 기록을 시민들과 공유하고 오랜 동료들과 재회하며, 평생의 사진 기록을 환경아카이브로 남길 계기를 마련한 뜻깊은 전시였습니다.","현진오 작가
인터뷰",26.03.04 - 26.04.04,,,,,,,,,,,,,,
101,두 번째 살갗: 303.8ha,관람객 후기,전시장에 들어오니 사람과 바다냄새가 나내요! 축하드립니다,,,,,,,,,,,,,,,,
102,두 번째 살갗: 303.8ha,관람객 후기,숨비소리가 들려요,,,,,,,,,,,,,,,,
103,,,몸은 조류를 기억하고 바람의 방향을 읽고 바당밭 303.8ha을 감각하는 전시. 두번째 살갗전을 축하합니다.,,,,,,,,,,,,,,,,
104,,,멋진 바다... 만들어 주세요.,,,,,,,,,,,,,,,,
105,,,바다와 함께한 삶의 이야기를 나눠,,,,,,,,,,,,,,,,
106,두 번째 살갗: 303.8ha,관람객 후기,"두 번째  살갗   ㅡ윤범모 

바다는 풍경이 아니다
해녀에게 바다는 일터다

어떤 사진작가는 아무런 연고도 없는
제주 남단 가파도에 갔다가 
젊은 나이에 해녀가 되었다 

십년도 넘게 물질하다가
지금은 어촌계장으로 기울어지는 일터를 챙긴다
바다속은 예전과 같지 않단다
그 많던 모자반(몸), 미역, 톳, 감태 같은 해초들 사라졌고
남방에서 올라온 독성 많은 물고기 놀이터가 되었다 

그래도 평생 함께했던 바다
숙성된 몸의 해녀들은 오늘도 해녀복을 입는다

젊은 해녀는 모처럼 상경하여 공간 풀숲 전시장에
가파도 해풍을 가득 풀어 놓는다
사진 작품은 증거한다 
해녀복은 두 번째 살갗
아니, 바다는 해녀의 두 번째 살갗
해녀와 바다는 한 몸인 것을.

그 한 몸
지금은 누렇게 황폐화되고 있다
살갗은 괴롭다.",윤범모 시인 후기,,,,,,,,,,,,,,,
107,기록과 기억 함께사는길 30년,관람객 후기,열심히 연대했던 나의 30년 그 기억들을 떠올려 다시 다짐하는 미래의 30년을 기다리며... 전시회 감사합니다,방명록,,,,,,,,,,,,,,,
108,기록과 기억-함께사는길 30년,관람객 후기,동강 댐 백지화를 위한 수상 시위 장면이나 태안 기름 유출로 시커멓게 변한 바다의 기름때를 닦아내는 시민들의 모습 등 기억에서 가물거리는 안타까운 사연들을 줄줄이 불러내어 지난날을 돌아보게 만들었다.,sns 후기,,,,,,,,,,,,,,,
109,기록과 기억-함께사는길 30년,관람객 후기,덕분에 감사합니다.,방명록,,,,,,,,,,,,,,,
110,"흑산, 멀고 짙고",관람객 후기,"《흑산, 멀고 짙고》는 단순히 풍경을 기록한 전시가 아닙니다. 노순택의 또 다른 목격이자 관찰 그리고 서술의 확장된 방식이었습니다. 작가를 물끄러미 바라보는 염소와 사진 속 아이들의 모습이 오래도록 마음에 남습니다.",sns 후기,,,,,,,,,,,,,,,
111,"흑산, 멀고 짙고",관람객 후기,...노순택의 시대를 함께 살아서 자랑스럽습니다,sns 후기,,,,,,,,,,,,,,,
112,"잇고, 풀고, 비우고",작가노트,"이 전시는 ‘연기(緣起)’의 관점을 조형 행위로 번역한 것이다. 우리는 매 순간 관계 속에서 생겨나고, 관계 속에서 변화하며, 관계 속에서 사라진다. 나는 ‘잇기’로 연결을 만들고, ‘풀기’로 고정된 의미를 느슨하게 하며, ‘비우기’로 남겨진 여백을 드러낸다",김문정 작업노트,,,,,,,,,,,,,,,
113,"잇고, 풀고, 비우고",담당자 기록,"김문정 작가는 불교의 핵심 교리인 ‘연기(緣起)’ 사상을 구현하기 위해 작품마다 비정형적인 여백(void)을 두고 선들을 연결하고 종이를 풀어 헤쳐 무상(無常)의 추상(抽象)으로 나아간다. 수행자처럼 무수히 ‘잇고 풀고 비우기’를 반복, 실천하며 존재의 연기적 관계성을 드러내고 있다. 동일 행위의 집요한 반복을 통해 결과보다 행위(과정)의 질을 강조하며 보이지 않는 관계의 연결망을 작품의 핵심으로 설정한다.","최연하 감독, 기획노트",,,,,,,,,,,,,,,
114,마음의 기후,담당자 기록,"김영미 작가는 40년이 넘는 시간 동안 수없이 많은 인체 드로잉을 해왔다. 작업실 한편에 수북이 쌓여 있던 드로잉북은 매일 5시간 이상을 꾸준히 작업해온 작가의 필력을 고스란히 보여준다. 이번 전시 오프닝에서 선보인 드로잉 퍼포먼스를 보며, 그림을 그리는 몸짓 그 자체가 지닌 아름다움에 새삼 깊은 감동을 받았다. 그림을 잘 그리는 사람들은 언제 보아도 부럽다.","최연하 감독, sns 기록",,,,,,,,,,,,,,,
115,마음의 기후,담당자 기록,"“...전시 제목인 ‘마음의 기후’는 낯설면서도 단숨에 이해되는 말이다. 마음에도 계절이 있고, 날씨가 있다. 우리는 종종 기분을 두고 “오늘 마음이 흐리다”거나 “기분이 맑다”는 표현을 사용한다. 마음을 기후처럼 이야기하는 방식은 그래서 자연스럽다. 하지만 기후 위기가 현실이 된 지금, ‘기후’라는 단어는 더 이상 단순한 비유에 머물지 않는다. 그것은 세계의 위기이자, 우리가 매일의 삶 속에서 체감하는 불안이며, 동시에 서로 연결된 존재로 살아가야 하는 시대의 조건이다...”","최연하 감독, 기획노트",,,,,,,,,,,,,,,
116,흐르지 않는 강: 김원의 4대강 기록,작가노트,"4대강 사업은 나의 고향, 경상북도 영주시 평은면에 흐르는 내성천도 삼켰다. 영주댐을 건설하기 위해 모래 강에 댐을 막았다. 2009년 12월에 공사를 시작하여 2016년 12월에 준공했다. 1조 원이 넘는 돈이 들었다. 내성천의 맑은 물을 이용하여 낙동강 하류의 수질을 개선하는 목적으로 건설되었지만 정작 댐에 가둔 물은 녹조 덩어리가 되어 아무 쓸모 없게 되었다.",김원 작가 노트,,,,,,,,,,,,,,,
117,오랜 정원에서,담당자 기록,"《오랜 정원에서》 작품의 배경은 안성 죽산에 있는 이재용 작가의 정원으로, 이번 전시회에 등장하는 모든 식물의 터전이다. 작가는 본인이 직접 돌보는 정원에서 식물들을 채집해 표본으로 만들고, 그것을 다시 촬영하고 레이어드하는 과정을 통해 하나의 이미지를 완성한다. 사진이라는 매체가 본래 지닌 ‘기록’의 속성과, 표본이라는 형식이 품고 있는 ‘보존’의 의지가 만나 전혀 새로운 시간의 층위를 만들어낸다. ",,,,,,,,,,,,,,,,
118,오랜 정원에서,작가노트,"""식물은 대지의 영양분을 빨아올려 공기와 호흡하고, 숲의 이웃들과 보이지 않는 신호를 주고받으며, 그 대지의 기억은 물길을 통해 다시 모든 생명의 근원인 바다로 흘러간다...""",,,,,,,,,,,,,,,,
119,,,,,,,,,,,,,,,,,,,
120,,,,,,,,,,,,,,,,,,,
121,,,,,,,,,,,,,,,,,,,
122,,,,,,,,,,,,,,,,,,,
123,,,,,,,,,,,,,,,,,,,
124,,,,,,,,,,,,,,,,,,,
125,,,,,,,,,,,,,,,,,,,
126,,,,,,,,,,,,,,,,,,,
127,,,,,,,,,,,,,,,,,,,
128,,,,,,,,,,,,,,,,,,,
129,,,,,,,,,,,,,,,,,,,
130,,,,,,,,,,,,,,,,,,,
131,,,,,,,,,,,,,,,,,,,
132,,,,,,,,,,,,,,,,,,,
133,,,,,,,,,,,,,,,,,,,
134,,,,,,,,,,,,,,,,,,,
135,,,,,,,,,,,,,,,,,,,
136,,,,,,,,,,,,,,,,,,,
